Title,Performance,Process
Estimating Work in Terms of Risk and Complexity to Improve Project Outcomes,"- Increased estimation accuracy by 40% through risk and complexity-based scoring
- Reduced project delays by 30% by addressing high-risk tasks early
- Improved stakeholder communication via transparent complexity-based estimates
- Boosted team morale by 20% due to better task preparedness and reduced rework","- Implemented workshops for complexity-based estimation
- Created a consistency matrix to rate complexity and risk
- Prioritized high-risk tasks in early sprints
- Embedded regular reassessments of complexity during sprints"
"Prioritizing Impactful Outcomes through User Stories, Estimation, and sustainable velocity paired with value-based metrics","- Increased estimation accuracy by 30%, leading to improved planning
- Enhanced product relevance by 25%, aligning features with business goals
- Reduced misuse of metrics and improved continuous learning culture
- Improved engagement and sustainable delivery by 20%","- Reframed velocity as an insight tool, not a performance target
- Developed a value-based prioritization framework
- Improved estimation practices through collaborative workshops
- Integrated regular retrospectives and stakeholder alignment sessions"
Reframing Velocity for Sustainable Impact and Team Well-being,"- Reduced defect rates by 30%, improving overall product quality
- Boosted stakeholder satisfaction and trust by 25%
- Increased team morale by 20% and retention by 15%
- Delivered predictable releases while promoting sustainable team pacing","- Introduced value-based outcome metrics
- Focused on quality indicators and delivery predictability
- Integrated well-being metrics via surveys and retrospectives
- Educated stakeholders and modeled balanced delivery practices across teams"
